{
  "improved_cnn": {
    "accuracy": 0.9148850440979004,
    "top3_accuracy": 0.9669221639633179,
    "top5_accuracy": 0.9774102568626404,
    "f1_macro": 0.8188328680862266
  },
  "config": {
    "sequence_length": 500,
    "encoding_dim": 5,
    "batch_size": 32,
    "epochs": 100,
    "learning_rate": 0.001,
    "label_smoothing": 0.1,
    "min_samples_per_class": 10,
    "max_samples_per_class": 500,
    "taxonomy_level": "class",
    "train_ratio": 0.7,
    "val_ratio": 0.15
  },
  "num_classes": 129,
  "abundance": {
    "Bacteroidia": 0.030540222288220537,
    "Spirochaetia": 0.030383926958147987,
    "Actinobacteria": 0.030383058375403522,
    "Halobacteria": 0.03029363521032096,
    "Bacilli": 0.030090610384623136,
    "Gammaproteobacteria": 0.02995991809584278,
    "Stramenopiles": 0.029640139047170968,
    "Campylobacteria": 0.02942128194286628,
    "Obazoa": 0.029189760619524482,
    "Clostridia": 0.029027123229387424,
    "Alveolata": 0.02892646980610119,
    "Cyanobacteriia": 0.02888089239417493,
    "Rhodophyceae": 0.028818057653895137,
    "Alphaproteobacteria": 0.028289345473255356,
    "Chloroplastida": 0.027996229214929835,
    "Symbiobacteriia": 0.02341437109856436,
    "Bathyarchaeia": 0.022412147373072698,
    "Negativicutes": 0.021964656906702882,
    "Amoebozoa": 0.019572861288016365,
    "Rhizaria": 0.018719901376857234,
    "Nitrososphaeria": 0.017085040065692513,
    "Desulfovibrionia": 0.01518843837044771,
    "Fusobacteriia": 0.015066794553323843,
    "Thermoanaerobacteria": 0.01493124103297586,
    "Planctomycetes": 0.01459799257900975,
    "Verrucomicrobiae": 0.013460010287745615,
    "Metamonada": 0.012543467239859541,
    "Deinococci": 0.012191725008523726,
    "Myxococcia": 0.011352639478265312,
    "Thermoplasmata": 0.010565046242577687,
    "Acidobacteriae": 0.010501478415382143,
    "Desulfuromonadia": 0.009735965352030185,
    "Coriobacteriia": 0.009570299775852878,
    "Methanosarcinia": 0.00932386097262021,
    "Methanomicrobia": 0.009088190017030534,
    "Anaerolineae": 0.008700717245471298,
    "Desulfobacteria": 0.008575375865959052,
    "Cryptomonadales": 0.008501394346102597,
    "Thermoprotei": 0.008307291564168807,
    "Desulfotomaculia": 0.00828022053210788,
    "Polyangia": 0.008156850264049071,
    "Dehalococcoidia": 0.00791183528082724,
    "Methanobacteria": 0.007788440114304229,
    "Bdellovibrionia": 0.00764167112795922,
    "Chlamydiae": 0.006790308607805222,
    "Fibrobacteria": 0.006689600200190354,
    "Desulfobulbia": 0.006221877684667472,
    "Phycisphaerae": 0.006191380511088308,
    "Acidimicrobiia": 0.005731818320317216,
    "Desulfitobacteriia": 0.005652445003331688
  },
  "ensemble": {
    "accuracy": 0.9572408229124647,
    "top3_accuracy": 0.9810407422347721,
    "n_models": 3
  },
  "hybrid": {
    "accuracy": 0.9697458744049072,
    "top3_accuracy": 0.987494945526123
  }
}